<?xml version="1.0" encoding="UTF-8"?>
<web-app xmlns="http://xmlns.jcp.org/xml/ns/javaee"
         xmlns:xsi="http://www.w3.org/2001/XMLSchema-instance"
         xsi:schemaLocation="http://xmlns.jcp.org/xml/ns/javaee 
         http://xmlns.jcp.org/xml/ns/javaee/web-app_4_0.xsd"
         version="4.0">

    <display-name>Sharebite Food Rescue Web App</display-name>
    
    <description>
        A web application that connects food donors with verified NGOs to reduce food waste 
        and support hunger relief efforts in communities.
    </description>

    <!-- Welcome File List -->
    <welcome-file-list>
        <welcome-file>index.jsp</welcome-file>
    </welcome-file-list>

    <!-- Session Configuration -->
    <session-config>
        <session-timeout>30</session-timeout>
        <cookie-config>
            <http-only>true</http-only>
            <secure>false</secure>
        </cookie-config>
    </session-config>

    <!-- Error Pages -->
    <error-page>
        <error-code>404</error-code>
        <location>/error/404.jsp</location>
    </error-page>
    
    <error-page>
        <error-code>500</error-code>
        <location>/error/500.jsp</location>
    </error-page>
    
    <error-page>
        <error-code>403</error-code>
        <location>/error/403.jsp</location>
    </error-page>

    <!-- Security Constraints -->
    <security-constraint>
        <web-resource-collection>
            <web-resource-name>Protected Resources</web-resource-name>
            <url-pattern>/donorDashboard.jsp</url-pattern>
            <url-pattern>/ngoDashboard.jsp</url-pattern>
            <url-pattern>/adminDashboard.jsp</url-pattern>
            <url-pattern>/addFoodListing.jsp</url-pattern>
            <url-pattern>*.jsp</url-pattern>
        </web-resource-collection>
        <auth-constraint>
            <role-name>user</role-name>
        </auth-constraint>
    </security-constraint>

    <!-- Security Roles -->
    <security-role>
        <role-name>donor</role-name>
    </security-role>
    
    <security-role>
        <role-name>ngo</role-name>
    </security-role>
    
    <security-role>
        <role-name>admin</role-name>
    </security-role>

    <!-- MIME Type Mappings -->
    <mime-mapping>
        <extension>jpg</extension>
        <mime-type>image/jpeg</mime-type>
    </mime-mapping>
    
    <mime-mapping>
        <extension>jpeg</extension>
        <mime-type>image/jpeg</mime-type>
    </mime-mapping>
    
    <mime-mapping>
        <extension>png</extension>
        <mime-type>image/png</mime-type>
    </mime-mapping>
    
    <mime-mapping>
        <extension>gif</extension>
        <mime-type>image/gif</mime-type>
    </mime-mapping>

    <!-- File Upload Configuration -->

    <!-- Context Parameters -->
    <context-param>
        <param-name>database.url</param-name>
        <param-value>jdbc:mysql://localhost:3306/sharebite_db</param-value>
    </context-param>
    
    <context-param>
        <param-name>database.username</param-name>
        <param-value>root</param-value>
    </context-param>
    
    <context-param>
        <param-name>database.password</param-name>
        <param-value></param-value>
    </context-param>
    
    <context-param>
        <param-name>app.name</param-name>
        <param-value>Sharebite Food Rescue</param-value>
    </context-param>
    
    <context-param>
        <param-name>app.version</param-name>
        <param-value>1.0.0</param-value>
    </context-param>

    <!-- Filter Configuration -->
    <filter>
        <filter-name>CharacterEncodingFilter</filter-name>
        <filter-class>org.apache.catalina.filters.SetCharacterEncodingFilter</filter-class>
        <init-param>
            <param-name>encoding</param-name>
            <param-value>UTF-8</param-value>
        </init-param>
        <init-param>
            <param-name>forceEncoding</param-name>
            <param-value>true</param-value>
        </init-param>
    </filter>
    
    <filter-mapping>
        <filter-name>CharacterEncodingFilter</filter-name>
        <url-pattern>/*</url-pattern>
    </filter-mapping>

    <!-- Listener Configuration -->
    <listener>
        <listener-class>org.apache.catalina.startup.ContextConfig</listener-class>
    </listener>

    <!-- Servlet Configuration -->
    <servlet>
        <servlet-name>LogoutServlet</servlet-name>
        <servlet-class>com.net.servlet.LogoutServlet</servlet-class>
    </servlet>
    
    <servlet-mapping>
        <servlet-name>LogoutServlet</servlet-name>
        <url-pattern>/logout</url-pattern>
    </servlet-mapping>

    <!-- Security Configuration -->
    <login-config>
        <auth-method>FORM</auth-method>
        <realm-name>Sharebite Realm</realm-name>
        <form-login-config>
            <form-login-page>/donorLogin.jsp</form-login-page>
            <form-error-page>/donorLogin.jsp?error=invalid_credentials</form-error-page>
        </form-login-config>
    </login-config>

    <!-- Welcome File Configuration -->
    <welcome-file-list>
        <welcome-file>index.jsp</welcome-file>
        <welcome-file>index.html</welcome-file>
        <welcome-file>default.jsp</welcome-file>
        <welcome-file>default.html</welcome-file>
    </welcome-file-list>

    <!-- Session Tracking -->
    <session-config>
        <tracking-mode>COOKIE</tracking-mode>
    </session-config>

    <!-- JSP Configuration -->
    <jsp-config>
        <jsp-property-group>
            <url-pattern>*.jsp</url-pattern>
            <page-encoding>UTF-8</page-encoding>
            <scripting-invalid>false</scripting-invalid>
            <include-prelude></include-prelude>
            <include-coda></include-coda>
        </jsp-property-group>
    </jsp-config>

</web-app>
